0,Ｖ经验
1,Ａ经验
2,绝顶经验
3,射精经验
4,助手经验
5,经验值
6,高潮次数
7,调教次数
8,子宫经验
9,
10,自慰经验
11,处女夺取经验
12,Ｖ性交经验
13,Ａ性交经验
14,童贞狩猎经验
15,Ｖ插入经验
16,Ａ插入经验
17,膣内精液经验
18,肛内精液经验
19,饮精经验
20,精液经验
21,侍奉快乐经验
22,口交经验
23,手淫经验
24,足交经验
25,腰技经验
26,乳交经验
27,Ａ刺激经验
28,舔阴经验
29,尿道刺激经验
30,被虐快乐经验
31,放尿经验
32,嗜虐快乐经验
33,漏尿经验
34,露出经验
35,灌肠经验
36,羞耻快乐经验
37,剃毛经验
38,尿道经验
39,
40,百合经验
41,ＢＬ经验
42,ＳＭ经验
43,圣水经验
44,饮尿经验
45,Ｂ性交经验
46,Ｂ插入经验
47,乳内精液经验
48,膣内浴尿经验
49,温泉灌肠经验
50,异常经验
51,束缚经验
52,舔肛经验
53,Ｖ扩张经验
54,喷乳经验
55,触手经验
56,史莱姆经验
57,Ａ扩张经验
58,媚药经验
59,摄影经验
60,唱歌经验
61,Ｖ龙奸经验
62,穿环经验
63,Ａ龙奸经验
64,Ｖ损伤经验
65,Ａ损伤经验
66,Ｖ拳交经验
67,Ａ拳交经验
68,子宫奸经验
69,子宫浴尿经验
70,亲吻经验
71,舔指经验
72,吸精经验
73,授乳经验
74,饮乳经验
75,乳内浴尿经验
76,喉性交经验
77,尿道扩张经验
78,尿道性交经验
79,尿道插入经验
80,膀胱精液经验
81,输尿经验
82,打扫口交经验
83,打扫舔阴经验
84,舔Ａ打扫经验
